facility_id,expected_yield
5,232902.835
14,816.7184999999995
9,249845.44549999994
12,235690.6245
11,241412.064
4,301805.3804999999
7,234629.99049999999
15,2590.3900000000003
3,366335.9614999999
1,303145.90050000005
13,71297.784
2,268813.9305
10,262961.23050000006
8,299491.009
6,275959.09799999994
